<?xml version="1.0" encoding="UTF-8"?>
<project xmlns="http://maven.apache.org/POM/4.0.0" xmlns:xsi="http://www.w3.org/2001/XMLSchema-instance" xsi:schemaLocation="http://maven.apache.org/POM/4.0.0 http://maven.apache.org/xsd/maven-4.0.0.xsd">
    <modelVersion>4.0.0</modelVersion>

    <artifactId>mikell_baseball_X_06</artifactId>
    <groupId>com.ubs.megdp</groupId>
    <version>1.0-SNAPSHOT</version>
    <packaging>jar</packaging>

    <name>mikell_baseball_X_06</name>
    <url>https://connections.swissbank.com/groups/megdp</url>

    <properties>
        <projectVersion>1.0.6-SNAPSHOT</projectVersion>
        <scalaVersion>2.11.8</scalaVersion>
        <sparkVersion>2.4.0</sparkVersion>
        <jacksonVersion>2.6.7</jacksonVersion>
        <dbutilsVersion>0.0.3</dbutilsVersion>
        <apCommonsVersion>3.5</apCommonsVersion>
    </properties>

    <dependencies>
        <dependency>
            <groupId>org.apache.spark</groupId>
            <artifactId>spark-core_2.11</artifactId>
            <version>${sparkVersion}</version>
            <scope>provided</scope>
        </dependency>
        <dependency>
            <groupId>org.apache.spark</groupId>
            <artifactId>spark-sql_2.11</artifactId>
            <version>${sparkVersion}</version>
	    			<scope>provided</scope>
        </dependency>
        <dependency>
            <groupId>org.scala-lang</groupId>
            <artifactId>scala-library</artifactId>
            <version>${scalaVersion}</version>
	    			<scope>provided</scope>
        </dependency>
        <dependency>
            <groupId>com.ubs.megdp.core</groupId>
            <artifactId>base-calculator</artifactId>
            <version>${projectVersion}</version>
        </dependency>
       <dependency>
				<groupId>org.apache.commons</groupId>
						<artifactId>commons-lang3</artifactId>
						<version>${apCommonsVersion}</version>
	    			<scope>provided</scope>
				</dependency>
    </dependencies>

<!-- <sourceDirectory>src/main/scala</sourceDirectory> -->
    <build>
			<pluginManagement>
        <plugins>
            <plugin>
							<groupId>org.apache.maven.plugins</groupId>
							<artifactId>maven-compiler-plugin</artifactId>
							<version>3.3</version>
						</plugin>
            <plugin>
                <groupId>net.alchim31.maven</groupId>
                <artifactId>scala-maven-plugin</artifactId>
                <version>3.3.2</version>
						</plugin>
				</plugins>
			</pluginManagement>
        <plugins>
            <plugin>
							<groupId>org.apache.maven.plugins</groupId>
							<artifactId>maven-compiler-plugin</artifactId>
              <configuration>
								<source>1.8</source>
								<target>1.8</target>
							</configuration>
							<executions>
								<execution>
									<phase>compile</phase>
                  <id>java-compile-second</id>
									<goals>
											<goal>compile</goal>
									</goals>
								</execution>
							</executions>
						</plugin>
            <plugin>
                <groupId>net.alchim31.maven</groupId>
                <artifactId>scala-maven-plugin</artifactId>
                <version>3.2.2</version>
                <configuration>
                	<args>
                		<arg>-feature</arg>
                		<arg>-explaintypes</arg>
                		<arg>-target:jvm-1.8</arg>
                		<arg>-deprecation</arg>
                		<arg>-dependencyfile</arg>
                		<arg>${project.build.directory}/.scala_dependencies</arg>
                	</args>
                </configuration>
                <executions>
                  <execution>
                     <id>scala-compile-second</id>
                     <phase>process-resources</phase>
                     <goals>
                       <goal>add-source</goal>
                       <goal>compile</goal>
                     </goals>
                    </execution>
                    <execution>
                       <id>scala-test-compile</id>
                       <phase>process-test-resources</phase>
                       <goals>
                          <goal>testCompile</goal>
                       </goals>
                    </execution>
                </executions>
            </plugin>
            <plugin>
                <groupId>org.apache.maven.plugins</groupId>
                <artifactId>maven-assembly-plugin</artifactId>
                <version>2.5.3</version>
                <configuration>
                    <descriptorRefs>
                        <descriptorRef>jar-with-dependencies</descriptorRef>
                    </descriptorRefs>
                    <archive>
                        <manifest>
                        </manifest>
                    </archive>
                </configuration>
                <executions>
                    <execution>
                        <phase>package</phase>
                        <goals>
                            <goal>single</goal>
                        </goals>
                    </execution>
                </executions>
            </plugin>
        </plugins>
    </build>
</project>
